SET SQL_MODE="NO_AUTO_VALUE_ON_ZERO";

/*!40101 SET @OLD_CHARACTER_SET_CLIENT=@@CHARACTER_SET_CLIENT */;
/*!40101 SET @OLD_CHARACTER_SET_RESULTS=@@CHARACTER_SET_RESULTS */;
/*!40101 SET @OLD_COLLATION_CONNECTION=@@COLLATION_CONNECTION */;
/*!40101 SET NAMES utf8 */;


CREATE TABLE IF NOT EXISTS `lessons` (
  `lid` int(10) unsigned NOT NULL AUTO_INCREMENT,
  `name` varchar(255) NOT NULL,
  `duration` int(10) unsigned NOT NULL,
  `color` varchar(45) NOT NULL DEFAULT 'FFFFFF',
  `desc` varchar(255) NOT NULL,
  PRIMARY KEY (`lid`)
) ENGINE=MyISAM  DEFAULT CHARSET=utf8 AUTO_INCREMENT=44 ;

INSERT INTO `lessons` (`lid`, `name`, `duration`, `color`, `desc`) VALUES
(3, 'Йога для начинающих', 90, 'f2a7d4', ''),
(4, 'Пилатес', 60, '0091ff', ''),
(5, 'Суставная гимнастика йогов', 75, 'eeff00', ''),
(6, 'YOГА Утро', 75, 'FFFFFF', ''),
(7, 'YOГА Восход', 75, 'FFFFFF', ''),
(8, 'Йогалатес', 60, '0091ff', ''),
(9, 'Сан Дао йога', 90, 'c4dfe6', ''),
(10, 'СОВРЕМЕННЫЕ ТАНЦЫ', 60, 'ffff00', ''),
(11, 'Шейп-Аэробика', 60, '05ff71', ''),
(12, 'ХАТХА Йога', 75, 'd2a6fc', ''),
(13, '<br><font color="red">ЙОГА 23</font><br><br>', 90, 'FFFFFF', ''),
(14, 'ЙОГА для беременных', 90, 'fbff8a', ''),
(15, 'ТРАЙБЛ', 60, 'ff8ada', ''),
(16, 'Женская ЙОГА', 90, 'fbff8a', ''),
(17, '<br>Парная суставная ЙОГА<br><br>', 120, 'eeff00', ''),
(23, 'Калланетика + Пилатес', 0, '54f71e', ''),
(20, 'ВЕЛНЕС', 60, 'f5e536', ''),
(21, 'Восточные танцы', 60, 'cb63ff', ''),
(22, 'СИЛОВОЙ тренинг', 60, '54f71e', ''),
(25, '<br> <br>СЕМИНАР <br><br> Йога-терапия <br><br> женской <br><br> репродуктивной <br><br> системы <br><br><br><br>', 0, 'f748ce', ''),
(26, 'Функциональный_тренинг Сжигаем калории !!!', 0, '16cc2c', ''),
(28, 'Дыхательная Гимнастика', 60, 'd3aee8', ''),
(29, 'ЙОГА', 90, 'FFFFFF', ''),
(30, 'САЛЬСА', 60, 'ffbf00', '..'),
(31, 'ТАНГО', 60, 'ffbf00', '...'),
(33, 'ДАО-ИНЬ', 90, 'e0a76e', ''),
(35, 'Контемпорари', 90, 'd5fa6e', '');

CREATE TABLE IF NOT EXISTS `less_group` (
  `lid` int(10) NOT NULL COMMENT 'lesson ID',
  `grid` int(10) NOT NULL COMMENT 'group Number/ID'
) ENGINE=MyISAM DEFAULT CHARSET=utf8;

INSERT INTO `less_group` (`lid`, `grid`) VALUES
(3, 1),
(5, 1),
(6, 1),
(7, 1),
(8, 1),
(9, 1),
(12, 1),
(13, 1),
(14, 1),
(16, 1),
(17, 1),
(4, 2),
(8, 2),
(11, 2),
(15, 2),
(23, 2),
(22, 2),
(26, 2),
(10, 3),
(15, 3),
(21, 3),
(20, 4),
(25, 101);

CREATE TABLE IF NOT EXISTS `trainers` (
  `tid` int(11) unsigned NOT NULL AUTO_INCREMENT,
  `name` varchar(255) NOT NULL,
  `phone` varchar(45) DEFAULT NULL,
  PRIMARY KEY (`tid`)
) ENGINE=MyISAM  DEFAULT CHARSET=utf8 AUTO_INCREMENT=32 ;

INSERT INTO `trainers` (`tid`, `name`, `phone`) VALUES
(1, 'Юля Серебрякова', NULL),
(3, 'Ира Абрамова', NULL),
(4, 'Вадим Гужва', NULL),
(5, 'Таня Василенко', NULL),
(6, 'Дарья Агапкина', NULL),
(7, 'Лена Вансович', NULL),
(8, 'набор группы', NULL),
(10, 'Павел Проданец', ''),
(11, 'Саша Давыдов', ''),
(12, 'Евгения Сластина', ''),
(13, 'Валентина Малиновская', ''),
(14, 'Денис Лащинин', ''),
(15, 'Оксана Польшина', ''),
(18, '.', ''),
(19, 'Елена Лесничая <br> Юрий Шкробтак', ''),
(20, 'Новая группа <br> запись', ''),
(21, 'Ира Коробейник', ''),
(22, 'Сергей Гулевский', ''),
(28, 'Юля Серебрякова Дмитрий Абросимов', ''),
(29, 'Дима Абросимов', '');

CREATE TABLE IF NOT EXISTS `training_times` (
  `id` int(10) unsigned NOT NULL AUTO_INCREMENT,
  `date` date NOT NULL,
  `time_start` time NOT NULL,
  `time_end` time NOT NULL,
  `hall` int(11) NOT NULL DEFAULT '1',
  `trainer` int(10) unsigned NOT NULL,
  `lesson` int(10) unsigned NOT NULL,
  PRIMARY KEY (`id`)
) ENGINE=MyISAM  DEFAULT CHARSET=utf8 AUTO_INCREMENT=713 ;

INSERT INTO `training_times` (`id`, `date`, `time_start`, `time_end`, `hall`, `trainer`, `lesson`) VALUES
(1, '2011-04-15', '18:30:00', '19:30:00', 1, 0, 0),
(2, '2011-04-10', '17:00:00', '18:00:00', 1, 0, 0),
(149, '2011-05-24', '18:30:00', '19:30:00', 2, 3, 4),
(4, '2011-04-11', '12:31:23', '13:31:23', 1, 0, 0),
(5, '2011-04-15', '16:09:00', '17:09:00', 1, 0, 0),
(6, '2011-04-17', '07:30:40', '08:30:40', 1, 0, 0),
(7, '2011-04-14', '08:15:00', '09:15:00', 2, 0, 0),
(8, '2011-04-14', '08:15:00', '09:15:00', 2, 0, 0),
(9, '2011-05-03', '08:00:00', '09:15:00', 1, 5, 7),
(10, '2011-05-03', '09:15:00', '10:30:00', 1, 5, 6),
(11, '2011-05-03', '10:30:00', '12:00:00', 1, 1, 3),
(12, '2011-05-03', '12:00:00', '13:00:00', 1, 1, 8),
(13, '2011-05-03', '13:00:00', '14:15:00', 1, 4, 5),
(14, '2011-05-03', '14:15:00', '15:45:00', 1, 4, 9),
(15, '2011-05-03', '15:45:00', '16:45:00', 1, 6, 10),
(16, '2011-05-03', '16:45:00', '18:00:00', 1, 1, 3),
(17, '2011-05-03', '18:00:00', '19:00:00', 1, 1, 11),
(18, '2011-05-03', '19:00:00', '20:15:00', 1, 1, 12),
(19, '2011-05-03', '20:15:00', '21:45:00', 1, 1, 13),
(20, '2011-05-04', '11:30:00', '13:00:00', 1, 7, 14),
(21, '2011-05-04', '16:00:00', '17:00:00', 1, 8, 15),
(22, '2011-05-04', '17:00:00', '18:00:00', 1, 3, 4),
(23, '2011-05-04', '18:30:00', '19:45:00', 1, 1, 12),
(148, '2011-05-23', '18:00:00', '19:15:00', 1, 10, 12),
(73, '2011-05-14', '10:00:00', '11:30:00', 1, 7, 16),
(26, '2011-05-05', '08:00:00', '09:15:00', 1, 5, 7),
(27, '2011-05-05', '09:15:00', '10:30:00', 1, 5, 6),
(28, '2011-05-05', '10:30:00', '12:00:00', 1, 1, 3),
(29, '2011-05-05', '12:00:00', '13:00:00', 1, 1, 8),
(30, '2011-05-05', '13:00:00', '14:15:00', 1, 4, 5),
(31, '2011-05-05', '14:15:00', '15:45:00', 1, 4, 9),
(32, '2011-05-05', '15:45:00', '16:45:00', 1, 6, 10),
(33, '2011-05-05', '16:45:00', '18:00:00', 1, 1, 3),
(34, '2011-05-05', '18:00:00', '19:00:00', 1, 1, 11),
(35, '2011-05-05', '19:00:00', '20:15:00', 1, 1, 12),
(36, '2011-05-05', '20:15:00', '21:45:00', 1, 1, 13),
(43, '2011-05-10', '14:15:00', '15:45:00', 1, 4, 9),
(147, '2011-05-23', '17:00:00', '18:00:00', 1, 3, 4),
(45, '2011-05-10', '08:45:00', '10:00:00', 1, 5, 7),
(72, '2011-05-13', '18:00:00', '19:15:00', 1, 10, 12),
(47, '2011-05-10', '10:30:00', '12:00:00', 1, 1, 3),
(48, '2011-05-10', '12:00:00', '13:00:00', 1, 1, 8),
(49, '2011-05-10', '13:00:00', '14:15:00', 1, 4, 5),
(50, '2011-05-10', '14:15:00', '15:45:00', 1, 4, 9),
(51, '2011-05-10', '15:45:00', '16:45:00', 1, 6, 10),
(52, '2011-05-10', '16:45:00', '18:00:00', 1, 1, 3),
(53, '2011-05-10', '18:00:00', '19:00:00', 1, 1, 11),
(54, '2011-05-10', '19:00:00', '20:15:00', 1, 1, 12),
(55, '2011-05-10', '20:15:00', '21:45:00', 1, 1, 13),
(56, '2011-05-11', '11:30:00', '13:00:00', 1, 7, 14),
(86, '2011-05-15', '10:00:00', '14:00:00', 1, 13, 25),
(58, '2011-05-11', '17:00:00', '18:00:00', 1, 3, 4),
(59, '2011-05-11', '18:30:00', '19:45:00', 1, 1, 12),
(60, '2011-05-12', '08:45:00', '10:00:00', 1, 5, 7),
(71, '2011-05-13', '17:00:00', '18:00:00', 1, 3, 4),
(62, '2011-05-12', '10:30:00', '12:00:00', 1, 1, 3),
(63, '2011-05-12', '12:00:00', '13:00:00', 1, 1, 8),
(64, '2011-05-12', '13:00:00', '14:15:00', 1, 4, 5),
(65, '2011-05-12', '14:15:00', '15:45:00', 1, 4, 9),
(66, '2011-05-12', '15:45:00', '16:45:00', 1, 6, 10),
(67, '2011-05-12', '16:45:00', '18:00:00', 1, 1, 3),
(68, '2011-05-12', '18:00:00', '19:00:00', 1, 1, 11),
(69, '2011-05-12', '19:00:00', '20:15:00', 1, 1, 12),
(70, '2011-05-12', '20:15:00', '21:45:00', 1, 1, 13),
(74, '2011-05-14', '11:30:00', '13:00:00', 1, 10, 12),
(75, '2011-05-14', '13:00:00', '15:00:00', 1, 4, 17),
(76, '2011-05-10', '16:00:00', '17:00:00', 2, 11, 20),
(137, '2011-05-16', '17:00:00', '18:00:00', 1, 3, 4),
(78, '2011-05-11', '17:15:00', '18:15:00', 2, 12, 21),
(79, '2011-05-11', '18:15:00', '19:15:00', 2, 12, 21),
(80, '2011-05-13', '16:15:00', '17:15:00', 2, 12, 21),
(81, '2011-05-13', '18:15:00', '19:15:00', 2, 12, 21),
(82, '2011-05-11', '19:15:00', '20:15:00', 2, 3, 22),
(83, '2011-05-12', '18:30:00', '19:30:00', 2, 3, 4),
(84, '2011-05-13', '19:15:00', '20:15:00', 2, 3, 23),
(85, '2011-05-13', '19:15:00', '20:15:00', 1, 3, 24),
(87, '2011-05-13', '19:15:00', '20:15:00', 1, 3, 26),
(138, '2011-05-16', '18:00:00', '19:15:00', 1, 10, 12),
(89, '2011-05-10', '16:00:00', '17:00:00', 2, 11, 20),
(143, '2011-05-17', '18:30:00', '19:30:00', 2, 3, 4),
(142, '2011-05-20', '17:15:00', '18:15:00', 2, 15, 28),
(92, '2011-05-21', '10:00:00', '11:30:00', 1, 7, 16),
(93, '2011-05-17', '14:15:00', '15:45:00', 1, 4, 9),
(139, '2011-05-16', '19:15:00', '20:15:00', 1, 3, 26),
(95, '2011-05-17', '08:45:00', '10:00:00', 1, 5, 7),
(96, '2011-05-20', '18:00:00', '19:15:00', 1, 10, 12),
(97, '2011-05-17', '10:30:00', '12:00:00', 1, 1, 3),
(98, '2011-05-17', '12:00:00', '13:00:00', 1, 1, 8),
(99, '2011-05-17', '13:00:00', '14:15:00', 1, 4, 5),
(100, '2011-05-17', '14:15:00', '15:45:00', 1, 4, 9),
(101, '2011-05-17', '15:45:00', '16:45:00', 1, 6, 10),
(102, '2011-05-17', '16:45:00', '18:00:00', 1, 1, 3),
(103, '2011-05-17', '18:00:00', '19:00:00', 1, 1, 11),
(104, '2011-05-17', '19:00:00', '20:15:00', 1, 1, 12),
(105, '2011-05-17', '20:15:00', '21:45:00', 1, 1, 13),
(106, '2011-05-18', '11:30:00', '13:00:00', 1, 7, 14),
(146, '2011-05-19', '19:30:00', '21:00:00', 2, 14, 29),
(108, '2011-05-18', '17:00:00', '18:00:00', 1, 3, 4),
(109, '2011-05-18', '18:30:00', '19:45:00', 1, 1, 12),
(110, '2011-05-19', '08:45:00', '10:00:00', 1, 5, 7),
(111, '2011-05-20', '17:00:00', '18:00:00', 1, 3, 4),
(112, '2011-05-19', '10:30:00', '12:00:00', 1, 1, 3),
(113, '2011-05-19', '12:00:00', '13:00:00', 1, 1, 8),
(114, '2011-05-19', '13:00:00', '14:15:00', 1, 4, 5),
(115, '2011-05-19', '14:15:00', '15:45:00', 1, 4, 9),
(116, '2011-05-19', '15:45:00', '16:45:00', 1, 6, 10),
(117, '2011-05-19', '16:45:00', '18:00:00', 1, 1, 3),
(118, '2011-05-19', '18:00:00', '19:00:00', 1, 1, 11),
(119, '2011-05-19', '19:00:00', '20:15:00', 1, 1, 12),
(120, '2011-05-19', '20:15:00', '21:45:00', 1, 1, 13),
(121, '2011-05-21', '11:30:00', '13:00:00', 1, 10, 12),
(144, '2011-05-16', '18:15:00', '19:15:00', 2, 3, 4),
(123, '2011-05-17', '16:00:00', '17:00:00', 2, 11, 20),
(124, '2011-05-19', '16:00:00', '17:00:00', 2, 11, 20),
(125, '2011-05-18', '17:15:00', '18:15:00', 2, 12, 21),
(126, '2011-05-18', '18:15:00', '19:15:00', 2, 12, 21),
(127, '2011-05-20', '16:15:00', '17:15:00', 2, 12, 21),
(128, '2011-05-20', '18:15:00', '19:15:00', 2, 12, 21),
(129, '2011-05-18', '19:15:00', '20:15:00', 2, 3, 22),
(130, '2011-05-19', '18:30:00', '19:30:00', 2, 3, 4),
(145, '2011-05-17', '19:30:00', '21:00:00', 2, 14, 29),
(132, '2011-05-20', '19:15:00', '20:15:00', 1, 3, 24),
(133, '2011-05-20', '19:15:00', '20:15:00', 1, 3, 26),
(141, '2011-05-16', '17:15:00', '18:15:00', 2, 15, 28),
(135, '2011-05-17', '16:00:00', '17:00:00', 2, 11, 20),
(150, '2011-05-27', '17:15:00', '18:15:00', 2, 15, 28),
(151, '2011-05-28', '10:00:00', '11:30:00', 1, 7, 16),
(152, '2011-05-24', '14:15:00', '15:45:00', 1, 4, 9),
(153, '2011-05-23', '19:15:00', '20:15:00', 1, 3, 26),
(154, '2011-05-24', '08:45:00', '10:00:00', 1, 5, 7),
(155, '2011-05-27', '18:00:00', '19:15:00', 1, 10, 12),
(156, '2011-05-24', '10:30:00', '12:00:00', 1, 1, 3),
(157, '2011-05-24', '12:00:00', '13:00:00', 1, 1, 8),
(158, '2011-05-24', '13:00:00', '14:15:00', 1, 4, 5),
(159, '2011-05-24', '14:15:00', '15:45:00', 1, 4, 9),
(160, '2011-05-24', '15:45:00', '16:45:00', 1, 6, 10),
(161, '2011-05-24', '16:45:00', '18:00:00', 1, 1, 3),
(162, '2011-05-24', '18:00:00', '19:00:00', 1, 1, 11),
(163, '2011-05-24', '19:00:00', '20:15:00', 1, 1, 12),
(164, '2011-05-24', '20:15:00', '21:45:00', 1, 1, 13),
(165, '2011-05-25', '11:15:00', '12:45:00', 1, 7, 16),
(166, '2011-05-26', '19:30:00', '21:00:00', 2, 14, 29),
(200, '2011-05-25', '15:15:00', '16:00:00', 1, 6, 10),
(202, '2011-05-25', '17:15:00', '18:00:00', 1, 18, 23),
(169, '2011-05-26', '08:45:00', '10:00:00', 1, 5, 7),
(170, '2011-05-27', '17:00:00', '18:00:00', 1, 3, 4),
(171, '2011-05-26', '10:30:00', '12:00:00', 1, 1, 3),
(172, '2011-05-26', '12:00:00', '13:00:00', 1, 1, 8),
(173, '2011-05-26', '13:00:00', '14:15:00', 1, 4, 5),
(174, '2011-05-26', '14:15:00', '15:45:00', 1, 4, 9),
(175, '2011-05-26', '15:45:00', '16:45:00', 1, 6, 10),
(176, '2011-05-26', '16:45:00', '18:00:00', 1, 1, 3),
(177, '2011-05-26', '18:00:00', '19:00:00', 1, 1, 11),
(178, '2011-05-26', '19:00:00', '20:15:00', 1, 1, 12),
(179, '2011-05-26', '20:15:00', '21:45:00', 1, 1, 13),
(180, '2011-05-28', '11:30:00', '13:00:00', 1, 10, 12),
(181, '2011-05-23', '18:15:00', '19:15:00', 2, 3, 4),
(182, '2011-05-24', '16:00:00', '17:00:00', 2, 11, 20),
(183, '2011-05-26', '16:00:00', '17:00:00', 2, 11, 20),
(184, '2011-05-25', '17:15:00', '18:15:00', 2, 12, 21),
(185, '2011-05-25', '18:15:00', '19:15:00', 2, 12, 21),
(186, '2011-05-27', '16:15:00', '17:15:00', 2, 12, 21),
(187, '2011-05-27', '18:15:00', '19:15:00', 2, 12, 21),
(207, '2011-05-23', '17:00:00', '18:00:00', 1, 3, 4),
(189, '2011-05-26', '18:30:00', '19:30:00', 2, 3, 4),
(190, '2011-05-24', '19:30:00', '21:00:00', 2, 14, 29),
(191, '2011-05-27', '19:15:00', '20:15:00', 1, 3, 24),
(192, '2011-05-27', '19:15:00', '20:15:00', 1, 3, 26),
(193, '2011-05-23', '17:15:00', '18:15:00', 2, 15, 28),
(194, '2011-05-24', '16:00:00', '17:00:00', 2, 11, 20),
(195, '2011-05-25', '08:15:00', '09:00:00', 1, 18, 4),
(196, '2011-05-25', '09:15:00', '10:00:00', 1, 18, 4),
(197, '2011-05-25', '10:15:00', '11:00:00', 1, 18, 4),
(198, '2011-05-25', '13:00:00', '14:00:00', 1, 1, 13),
(199, '2011-05-25', '14:15:00', '15:00:00', 1, 18, 4),
(201, '2011-05-25', '16:15:00', '17:00:00', 1, 12, 21),
(203, '2011-05-25', '18:10:00', '19:10:00', 1, 10, 12),
(204, '2011-05-25', '19:15:00', '20:00:00', 1, 18, 22),
(205, '2011-05-25', '20:10:00', '20:50:00', 1, 18, 30),
(206, '2011-05-25', '20:55:00', '21:40:00', 1, 18, 31),
(284, '2011-06-02', '16:45:00', '18:00:00', 1, 1, 3),
(283, '2011-06-02', '15:45:00', '16:45:00', 1, 6, 10),
(282, '2011-06-02', '14:15:00', '15:45:00', 1, 4, 9),
(281, '2011-06-02', '13:00:00', '14:15:00', 1, 4, 5),
(280, '2011-06-02', '12:00:00', '13:00:00', 1, 1, 8),
(279, '2011-06-02', '10:15:00', '11:45:00', 1, 1, 3),
(278, '2011-06-03', '17:00:00', '18:00:00', 1, 3, 4),
(277, '2011-06-02', '08:45:00', '10:00:00', 1, 5, 7),
(276, '2011-06-01', '19:00:00', '20:15:00', 1, 1, 12),
(275, '2011-06-01', '17:00:00', '18:00:00', 1, 3, 4),
(274, '2011-06-02', '19:30:00', '21:00:00', 2, 14, 29),
(306, '2011-06-09', '16:45:00', '18:00:00', 1, 1, 3),
(272, '2011-05-31', '20:15:00', '21:45:00', 1, 1, 13),
(271, '2011-05-31', '19:00:00', '20:15:00', 1, 1, 12),
(270, '2011-05-31', '18:00:00', '19:00:00', 1, 1, 11),
(269, '2011-05-31', '16:45:00', '18:00:00', 1, 1, 3),
(268, '2011-05-31', '15:45:00', '16:45:00', 1, 6, 10),
(267, '2011-05-31', '14:15:00', '15:45:00', 1, 4, 9),
(266, '2011-05-31', '13:00:00', '14:15:00', 1, 4, 5),
(265, '2011-05-31', '12:00:00', '13:00:00', 1, 1, 8),
(264, '2011-05-31', '10:15:00', '11:45:00', 1, 1, 3),
(263, '2011-06-03', '18:00:00', '19:15:00', 1, 10, 12),
(262, '2011-05-31', '08:45:00', '10:00:00', 1, 5, 7),
(261, '2011-05-30', '19:15:00', '20:15:00', 1, 3, 26),
(260, '2011-05-31', '14:15:00', '15:45:00', 1, 4, 9),
(259, '2011-06-04', '10:00:00', '11:30:00', 1, 7, 16),
(305, '2011-06-04', '13:00:00', '14:00:00', 1, 19, 31),
(257, '2011-05-31', '18:30:00', '19:30:00', 2, 3, 4),
(256, '2011-05-30', '18:00:00', '19:15:00', 1, 10, 12),
(255, '2011-05-30', '17:00:00', '18:00:00', 1, 3, 4),
(301, '2011-05-30', '17:15:00', '18:15:00', 2, 15, 28),
(300, '2011-06-03', '19:15:00', '20:15:00', 1, 3, 26),
(299, '2011-06-03', '19:15:00', '20:15:00', 1, 3, 24),
(298, '2011-05-31', '19:30:00', '21:00:00', 2, 14, 29),
(297, '2011-06-02', '18:30:00', '19:30:00', 2, 3, 4),
(296, '2011-06-01', '19:15:00', '20:15:00', 2, 3, 22),
(295, '2011-06-03', '18:15:00', '19:15:00', 2, 12, 21),
(294, '2011-06-03', '16:15:00', '17:15:00', 2, 12, 21),
(293, '2011-06-01', '18:15:00', '19:15:00', 2, 12, 21),
(292, '2011-06-01', '17:15:00', '18:15:00', 2, 12, 21),
(307, '2011-06-09', '15:45:00', '16:45:00', 1, 6, 10),
(308, '2011-06-09', '14:15:00', '15:45:00', 1, 4, 9),
(289, '2011-05-30', '18:15:00', '19:15:00', 2, 3, 4),
(288, '2011-06-04', '11:30:00', '13:00:00', 1, 10, 12),
(287, '2011-06-02', '20:15:00', '21:45:00', 1, 1, 13),
(286, '2011-06-02', '19:00:00', '20:15:00', 1, 1, 12),
(285, '2011-06-02', '18:00:00', '19:00:00', 1, 1, 11),
(304, '2011-06-01', '18:00:00', '19:00:00', 1, 19, 31),
(303, '2011-06-04', '13:00:00', '15:00:00', 2, 4, 17),
(309, '2011-06-09', '13:00:00', '14:15:00', 1, 4, 5),
(310, '2011-06-09', '12:00:00', '13:00:00', 1, 1, 8),
(311, '2011-06-09', '10:15:00', '11:45:00', 1, 1, 3),
(312, '2011-06-10', '17:00:00', '18:00:00', 1, 3, 4),
(313, '2011-06-09', '08:45:00', '10:00:00', 1, 5, 7),
(314, '2011-06-08', '19:00:00', '20:15:00', 1, 1, 12),
(315, '2011-06-08', '17:00:00', '18:00:00', 1, 3, 4),
(316, '2011-06-09', '19:30:00', '21:00:00', 2, 14, 29),
(317, '2011-06-07', '20:15:00', '21:45:00', 1, 1, 13),
(318, '2011-06-07', '19:00:00', '20:15:00', 1, 1, 12),
(319, '2011-06-07', '18:00:00', '19:00:00', 1, 1, 11),
(320, '2011-06-07', '16:45:00', '18:00:00', 1, 1, 3),
(321, '2011-06-07', '15:45:00', '16:45:00', 1, 6, 10),
(322, '2011-06-07', '14:15:00', '15:45:00', 1, 4, 9),
(323, '2011-06-07', '13:00:00', '14:15:00', 1, 4, 5),
(324, '2011-06-07', '12:00:00', '13:00:00', 1, 1, 8),
(325, '2011-06-07', '10:15:00', '11:45:00', 1, 1, 3),
(326, '2011-06-10', '18:00:00', '19:15:00', 1, 10, 12),
(327, '2011-06-07', '08:45:00', '10:00:00', 1, 5, 7),
(328, '2011-06-06', '19:15:00', '20:15:00', 1, 3, 26),
(329, '2011-06-07', '14:15:00', '15:45:00', 1, 4, 9),
(330, '2011-06-11', '10:00:00', '11:30:00', 1, 7, 16),
(331, '2011-06-11', '13:00:00', '14:00:00', 1, 19, 31),
(332, '2011-06-07', '18:30:00', '19:30:00', 2, 3, 4),
(333, '2011-06-06', '18:00:00', '19:15:00', 1, 10, 12),
(334, '2011-06-06', '17:00:00', '18:00:00', 1, 3, 4),
(335, '2011-06-06', '17:15:00', '18:15:00', 2, 15, 28),
(336, '2011-06-10', '19:15:00', '20:15:00', 1, 3, 26),
(337, '2011-06-10', '19:15:00', '20:15:00', 1, 3, 24),
(338, '2011-06-07', '19:30:00', '21:00:00', 2, 14, 29),
(353, '2011-06-16', '16:45:00', '18:00:00', 1, 1, 3),
(340, '2011-06-08', '19:15:00', '20:15:00', 2, 3, 22),
(341, '2011-06-10', '18:15:00', '19:15:00', 2, 12, 21),
(342, '2011-06-10', '16:15:00', '17:15:00', 2, 12, 21),
(343, '2011-06-08', '18:15:00', '19:15:00', 2, 12, 21),
(344, '2011-06-08', '17:15:00', '18:15:00', 2, 12, 21),
(345, '2011-06-06', '18:15:00', '19:15:00', 2, 3, 4),
(346, '2011-06-11', '11:30:00', '13:00:00', 1, 10, 12),
(347, '2011-06-08', '20:15:00', '21:45:00', 1, 1, 13),
(348, '2011-06-09', '19:00:00', '20:15:00', 1, 10, 12),
(349, '2011-06-09', '18:00:00', '19:00:00', 1, 3, 4),
(350, '2011-06-08', '18:00:00', '19:00:00', 1, 19, 31),
(351, '2011-06-11', '13:00:00', '15:00:00', 2, 4, 17),
(352, '2011-06-10', '17:15:00', '18:15:00', 2, 15, 28),
(354, '2011-06-16', '15:45:00', '16:45:00', 1, 6, 10),
(355, '2011-06-16', '14:15:00', '15:45:00', 1, 4, 9),
(356, '2011-06-16', '13:00:00', '14:15:00', 1, 4, 5),
(357, '2011-06-16', '12:00:00', '13:00:00', 1, 1, 8),
(358, '2011-06-16', '10:15:00', '11:45:00', 1, 1, 3),
(359, '2011-06-17', '17:00:00', '18:00:00', 1, 3, 4),
(360, '2011-06-16', '08:45:00', '10:00:00', 1, 5, 7),
(361, '2011-06-15', '19:00:00', '20:15:00', 1, 1, 12),
(362, '2011-06-15', '17:00:00', '18:00:00', 1, 3, 4),
(363, '2011-06-16', '19:30:00', '21:00:00', 2, 14, 29),
(364, '2011-06-14', '20:15:00', '21:45:00', 1, 1, 13),
(365, '2011-06-14', '19:00:00', '20:15:00', 1, 1, 12),
(366, '2011-06-14', '18:00:00', '19:00:00', 1, 1, 11),
(367, '2011-06-14', '16:45:00', '18:00:00', 1, 1, 3),
(368, '2011-06-14', '15:45:00', '16:45:00', 1, 6, 10),
(369, '2011-06-14', '14:15:00', '15:45:00', 1, 4, 9),
(370, '2011-06-14', '13:00:00', '14:15:00', 1, 4, 5),
(371, '2011-06-14', '12:00:00', '13:00:00', 1, 1, 8),
(372, '2011-06-14', '10:15:00', '11:45:00', 1, 1, 3),
(373, '2011-06-17', '18:00:00', '19:15:00', 1, 10, 12),
(374, '2011-06-14', '08:45:00', '10:00:00', 1, 5, 7),
(402, '2011-06-23', '14:15:00', '15:45:00', 1, 4, 9),
(376, '2011-06-14', '14:15:00', '15:45:00', 1, 4, 9),
(377, '2011-06-18', '10:00:00', '11:30:00', 1, 7, 16),
(378, '2011-06-18', '13:00:00', '14:00:00', 1, 19, 31),
(379, '2011-06-14', '18:30:00', '19:30:00', 2, 3, 4),
(403, '2011-06-23', '13:00:00', '14:15:00', 1, 4, 5),
(404, '2011-06-23', '12:00:00', '13:00:00', 1, 1, 8),
(455, '2011-07-12', '10:15:00', '11:45:00', 1, 1, 3),
(383, '2011-06-17', '19:15:00', '20:15:00', 1, 3, 26),
(384, '2011-06-17', '19:15:00', '20:15:00', 1, 3, 24),
(385, '2011-06-14', '19:30:00', '21:00:00', 2, 14, 29),
(386, '2011-06-16', '18:30:00', '19:30:00', 2, 3, 4),
(387, '2011-06-15', '19:15:00', '20:15:00', 2, 3, 22),
(388, '2011-06-17', '18:15:00', '19:15:00', 2, 12, 21),
(389, '2011-06-17', '16:15:00', '17:15:00', 2, 12, 21),
(390, '2011-06-15', '18:15:00', '19:15:00', 2, 12, 21),
(391, '2011-06-15', '17:15:00', '18:15:00', 2, 12, 21),
(400, '2011-06-23', '16:45:00', '18:00:00', 1, 1, 3),
(393, '2011-06-18', '11:30:00', '13:00:00', 1, 10, 12),
(394, '2011-06-16', '20:15:00', '21:45:00', 1, 1, 13),
(395, '2011-06-16', '19:00:00', '20:15:00', 1, 1, 12),
(396, '2011-06-16', '18:00:00', '19:00:00', 1, 1, 11),
(397, '2011-06-15', '18:00:00', '19:00:00', 1, 19, 31),
(398, '2011-06-18', '13:00:00', '15:00:00', 2, 4, 17),
(399, '2011-06-17', '17:15:00', '18:15:00', 2, 15, 28),
(405, '2011-06-23', '10:15:00', '11:45:00', 1, 1, 3),
(406, '2011-06-24', '17:00:00', '18:00:00', 1, 15, 4),
(407, '2011-06-23', '08:45:00', '10:00:00', 1, 5, 7),
(448, '2011-06-22', '19:15:00', '20:45:00', 1, 5, 13),
(409, '2011-06-22', '17:00:00', '18:00:00', 1, 15, 4),
(410, '2011-06-23', '19:30:00', '21:00:00', 2, 14, 29),
(411, '2011-06-21', '20:15:00', '21:45:00', 1, 1, 13),
(412, '2011-06-21', '19:00:00', '20:15:00', 1, 1, 12),
(413, '2011-06-21', '18:00:00', '19:00:00', 1, 1, 11),
(414, '2011-06-21', '16:45:00', '18:00:00', 1, 1, 3),
(456, '2011-07-12', '12:00:00', '13:00:00', 1, 1, 8),
(416, '2011-06-21', '14:15:00', '15:45:00', 1, 4, 9),
(417, '2011-06-21', '13:00:00', '14:15:00', 1, 4, 5),
(418, '2011-06-21', '12:00:00', '13:00:00', 1, 1, 8),
(419, '2011-06-21', '10:15:00', '11:45:00', 1, 1, 3),
(420, '2011-06-24', '19:45:00', '21:15:00', 1, 10, 12),
(421, '2011-06-21', '08:45:00', '10:00:00', 1, 5, 7),
(446, '2011-06-20', '18:30:00', '19:30:00', 1, 20, 11),
(423, '2011-06-21', '14:15:00', '15:45:00', 1, 4, 9),
(424, '2011-06-25', '10:00:00', '11:30:00', 1, 7, 16),
(425, '2011-06-25', '13:00:00', '14:00:00', 1, 19, 31),
(453, '2011-07-11', '19:45:00', '21:15:00', 1, 10, 12),
(447, '2011-06-20', '19:30:00', '20:30:00', 1, 20, 4),
(428, '2011-06-20', '17:00:00', '18:00:00', 1, 15, 4),
(429, '2011-06-20', '17:15:00', '18:15:00', 2, 15, 28),
(450, '2011-06-24', '18:30:00', '19:30:00', 1, 20, 11),
(431, '2011-06-24', '19:15:00', '20:15:00', 1, 3, 24),
(432, '2011-06-21', '19:30:00', '21:00:00', 2, 14, 29),
(452, '2011-07-11', '18:15:00', '19:15:00', 1, 3, 4),
(434, '2011-06-24', '18:15:00', '19:15:00', 2, 12, 21),
(435, '2011-06-24', '16:15:00', '17:15:00', 2, 12, 21),
(436, '2011-06-22', '18:15:00', '19:15:00', 2, 12, 21),
(437, '2011-06-22', '17:15:00', '18:15:00', 2, 12, 21),
(454, '2011-07-12', '08:45:00', '10:00:00', 1, 1, 13),
(439, '2011-06-25', '11:30:00', '13:00:00', 1, 10, 12),
(449, '2011-06-23', '20:15:00', '21:45:00', 1, 1, 13),
(441, '2011-06-23', '19:00:00', '20:15:00', 1, 1, 12),
(442, '2011-06-23', '18:00:00', '19:00:00', 1, 1, 11),
(443, '2011-06-22', '18:00:00', '19:00:00', 1, 19, 31),
(451, '2011-07-11', '17:00:00', '18:00:00', 1, 3, 4),
(445, '2011-06-24', '17:15:00', '18:15:00', 2, 15, 28),
(457, '2011-07-12', '16:45:00', '18:00:00', 1, 1, 3),
(458, '2011-07-12', '18:00:00', '19:00:00', 1, 1, 11),
(459, '2011-07-12', '19:00:00', '20:15:00', 1, 1, 12),
(460, '2011-07-12', '20:15:00', '21:45:00', 1, 1, 13),
(461, '2011-07-13', '11:30:00', '13:00:00', 1, 7, 16),
(462, '2011-07-13', '17:00:00', '18:00:00', 1, 3, 4),
(463, '2011-07-13', '18:00:00', '19:00:00', 1, 19, 31),
(464, '2011-07-13', '18:15:00', '19:15:00', 1, 3, 4),
(465, '2011-07-18', '16:45:00', '17:45:00', 1, 3, 4),
(466, '2011-07-18', '17:45:00', '18:45:00', 1, 21, 11),
(467, '2011-07-18', '18:45:00', '19:45:00', 1, 21, 11),
(468, '2011-07-18', '19:45:00', '20:45:00', 1, 21, 4),
(469, '2011-07-19', '08:45:00', '10:00:00', 1, 5, 13),
(470, '2011-07-19', '10:15:00', '11:45:00', 1, 1, 3),
(471, '2011-07-19', '12:00:00', '13:00:00', 1, 1, 8),
(472, '2011-07-19', '16:45:00', '18:00:00', 1, 1, 3),
(473, '2011-07-19', '19:00:00', '20:15:00', 1, 1, 12),
(474, '2011-07-19', '20:15:00', '21:45:00', 1, 1, 13),
(475, '2011-07-20', '11:30:00', '13:00:00', 1, 7, 16),
(476, '2011-07-20', '16:45:00', '17:45:00', 1, 3, 4),
(477, '2011-07-20', '17:45:00', '18:45:00', 1, 21, 11),
(478, '2011-07-20', '18:45:00', '19:45:00', 1, 21, 11),
(479, '2011-07-20', '19:45:00', '20:45:00', 1, 21, 4),
(480, '2011-07-20', '20:45:00', '21:45:00', 1, 19, 31),
(481, '2011-07-21', '08:45:00', '10:00:00', 1, 5, 13),
(482, '2011-07-21', '10:15:00', '11:45:00', 1, 1, 3),
(483, '2011-07-21', '12:00:00', '13:00:00', 1, 1, 8),
(484, '2011-07-21', '16:45:00', '18:00:00', 1, 1, 3),
(485, '2011-07-21', '19:00:00', '20:15:00', 1, 1, 12),
(486, '2011-07-21', '20:15:00', '21:45:00', 1, 1, 13),
(487, '2011-07-22', '16:45:00', '17:45:00', 1, 3, 4),
(488, '2011-07-22', '17:45:00', '18:45:00', 1, 21, 11),
(489, '2011-07-22', '18:45:00', '19:45:00', 1, 21, 11),
(490, '2011-07-22', '19:45:00', '20:45:00', 1, 21, 4),
(491, '2011-07-23', '10:00:00', '11:30:00', 1, 7, 16),
(492, '2011-07-23', '11:30:00', '13:00:00', 1, 10, 12),
(493, '2011-07-23', '13:00:00', '14:00:00', 1, 19, 31),
(494, '2011-07-18', '19:45:00', '21:15:00', 2, 10, 12),
(495, '2011-07-21', '18:30:00', '19:30:00', 2, 3, 4),
(496, '2011-07-22', '17:15:00', '18:15:00', 2, 15, 28),
(497, '2011-07-22', '19:45:00', '21:15:00', 2, 10, 12),
(498, '2011-08-29', '17:30:00', '18:30:00', 1, 21, 4),
(499, '2011-08-29', '18:45:00', '19:45:00', 1, 21, 11),
(500, '2011-08-29', '19:45:00', '20:45:00', 1, 21, 4),
(501, '2011-08-30', '08:00:00', '09:30:00', 1, 5, 13),
(502, '2011-08-30', '10:15:00', '11:45:00', 1, 1, 3),
(503, '2011-08-30', '16:45:00', '18:00:00', 1, 1, 3),
(504, '2011-08-30', '18:00:00', '19:00:00', 1, 1, 26),
(505, '2011-08-30', '19:00:00', '20:15:00', 1, 1, 12),
(506, '2011-08-30', '20:15:00', '21:45:00', 1, 1, 13),
(507, '2011-08-31', '17:30:00', '18:30:00', 1, 21, 4),
(508, '2011-08-31', '18:45:00', '19:45:00', 1, 21, 11),
(509, '2011-08-31', '19:45:00', '20:45:00', 1, 21, 4),
(510, '2011-08-31', '20:45:00', '21:45:00', 1, 19, 31),
(511, '2011-09-01', '08:00:00', '09:30:00', 1, 5, 13),
(512, '2011-09-01', '16:45:00', '18:15:00', 1, 1, 3),
(513, '2011-09-01', '18:00:00', '19:00:00', 1, 1, 26),
(514, '2011-09-01', '19:00:00', '20:15:00', 1, 1, 12),
(515, '2011-09-01', '20:15:00', '21:45:00', 1, 1, 13),
(516, '2011-09-01', '10:15:00', '11:45:00', 1, 1, 3),
(517, '2011-09-02', '17:30:00', '18:30:00', 1, 21, 4),
(519, '2011-09-02', '18:45:00', '19:45:00', 1, 21, 11),
(520, '2011-09-02', '19:45:00', '20:45:00', 1, 21, 4),
(521, '2011-09-03', '10:00:00', '11:30:00', 1, 5, 13),
(522, '2011-09-03', '11:30:00', '13:00:00', 1, 10, 12),
(523, '2011-09-03', '13:00:00', '14:00:00', 1, 19, 31),
(524, '2011-08-29', '17:15:00', '18:15:00', 2, 15, 28),
(525, '2011-08-29', '19:45:00', '21:15:00', 2, 10, 12),
(526, '2011-09-02', '16:00:00', '17:00:00', 2, 12, 21),
(527, '2011-09-02', '17:15:00', '18:15:00', 2, 15, 28),
(528, '2011-09-02', '18:15:00', '19:15:00', 2, 12, 21),
(529, '2011-09-02', '19:45:00', '21:15:00', 2, 10, 12),
(530, '2011-09-05', '16:45:00', '17:45:00', 1, 21, 4),
(531, '2011-09-05', '18:45:00', '19:45:00', 1, 21, 11),
(532, '2011-09-05', '19:45:00', '20:45:00', 1, 21, 4),
(533, '2011-09-06', '08:00:00', '09:30:00', 1, 5, 13),
(534, '2011-09-06', '10:15:00', '11:45:00', 1, 1, 3),
(535, '2011-09-06', '16:45:00', '18:00:00', 1, 1, 3),
(536, '2011-09-06', '18:00:00', '19:00:00', 1, 1, 26),
(537, '2011-09-06', '19:00:00', '20:15:00', 1, 1, 12),
(538, '2011-09-06', '20:15:00', '21:45:00', 1, 1, 13),
(539, '2011-09-07', '16:45:00', '17:45:00', 1, 21, 4),
(540, '2011-09-07', '18:45:00', '19:45:00', 1, 21, 11),
(541, '2011-09-07', '19:45:00', '20:45:00', 1, 21, 4),
(542, '2011-09-07', '20:45:00', '21:45:00', 1, 19, 31),
(543, '2011-09-08', '08:00:00', '09:30:00', 1, 5, 13),
(544, '2011-09-08', '16:45:00', '18:00:00', 1, 1, 3),
(545, '2011-09-08', '18:00:00', '19:00:00', 1, 1, 26),
(546, '2011-09-08', '19:00:00', '20:15:00', 1, 1, 12),
(547, '2011-09-08', '20:15:00', '21:45:00', 1, 1, 13),
(548, '2011-09-08', '10:15:00', '11:45:00', 1, 1, 3),
(549, '2011-09-09', '16:45:00', '17:45:00', 1, 21, 4),
(550, '2011-09-09', '18:45:00', '19:45:00', 1, 21, 11),
(551, '2011-09-09', '19:45:00', '20:45:00', 1, 21, 4),
(570, '2011-09-05', '17:45:00', '18:45:00', 1, 21, 11),
(553, '2011-09-10', '11:30:00', '13:00:00', 1, 10, 12),
(554, '2011-09-10', '13:00:00', '14:00:00', 1, 19, 31),
(555, '2011-09-05', '17:15:00', '18:15:00', 2, 15, 28),
(556, '2011-09-05', '19:45:00', '21:15:00', 2, 10, 12),
(557, '2011-09-09', '16:00:00', '17:00:00', 2, 12, 21),
(558, '2011-09-09', '17:15:00', '18:15:00', 2, 15, 28),
(559, '2011-09-08', '18:15:00', '19:15:00', 2, 12, 21),
(560, '2011-09-09', '19:45:00', '21:15:00', 2, 10, 12),
(561, '2011-09-05', '10:00:00', '11:30:00', 1, 22, 33),
(562, '2011-09-07', '10:00:00', '11:30:00', 1, 22, 33),
(563, '2011-09-09', '10:00:00', '11:30:00', 1, 22, 33),
(564, '2011-09-07', '08:15:00', '09:45:00', 1, 5, 13),
(565, '2011-09-09', '08:15:00', '09:45:00', 1, 5, 13),
(566, '2011-09-06', '12:00:00', '13:00:00', 1, 1, 8),
(567, '2011-09-08', '12:00:00', '13:00:00', 1, 1, 8),
(568, '2011-09-06', '13:00:00', '14:30:00', 1, 4, 9),
(569, '2011-09-08', '13:00:00', '14:30:00', 1, 4, 9),
(571, '2011-09-07', '17:45:00', '18:45:00', 1, 21, 11),
(572, '2011-09-09', '17:45:00', '18:45:00', 1, 21, 11),
(573, '2011-09-06', '15:45:00', '16:45:00', 1, 6, 10),
(574, '2011-09-08', '15:45:00', '16:45:00', 1, 6, 10),
(575, '2011-09-05', '18:15:00', '19:45:00', 2, 8, 13),
(576, '2011-09-07', '18:15:00', '19:45:00', 2, 8, 13),
(577, '2011-09-09', '18:15:00', '19:45:00', 2, 8, 13),
(578, '2011-09-06', '19:15:00', '21:15:00', 2, 22, 34),
(579, '2011-09-08', '19:15:00', '21:15:00', 2, 22, 34),
(580, '2011-09-06', '16:15:00', '17:15:00', 2, 12, 21),
(581, '2011-09-06', '18:15:00', '19:15:00', 2, 12, 21),
(583, '2011-11-07', '08:00:00', '09:30:00', 1, 5, 13),
(584, '2011-11-07', '09:30:00', '11:00:00', 1, 28, 12),
(585, '2011-11-07', '11:00:00', '12:00:00', 1, 15, 28),
(586, '2011-11-07', '16:45:00', '17:45:00', 1, 21, 4),
(587, '2011-11-07', '17:45:00', '18:45:00', 1, 21, 11),
(588, '2011-11-07', '18:45:00', '19:45:00', 1, 21, 11),
(589, '2011-11-07', '19:45:00', '20:45:00', 1, 21, 4),
(590, '2011-11-07', '21:00:00', '22:00:00', 1, 19, 30),
(591, '2011-11-08', '10:30:00', '12:00:00', 1, 20, 3),
(592, '2011-11-08', '12:00:00', '13:00:00', 1, 1, 8),
(593, '2011-11-08', '13:00:00', '14:30:00', 1, 4, 9),
(594, '2011-11-08', '15:30:00', '16:30:00', 1, 6, 10),
(595, '2011-11-08', '16:45:00', '18:00:00', 1, 1, 3),
(596, '2011-11-08', '18:15:00', '19:00:00', 1, 1, 26),
(597, '2011-11-08', '19:00:00', '20:15:00', 1, 1, 12),
(598, '2011-11-08', '20:15:00', '21:45:00', 1, 1, 13),
(599, '2011-11-09', '00:00:08', '00:00:09', 1, 5, 13),
(600, '2011-11-09', '08:00:00', '09:30:00', 1, 5, 13),
(601, '2011-11-09', '09:30:00', '11:00:00', 1, 28, 12),
(603, '2011-11-09', '16:45:00', '17:45:00', 1, 21, 4),
(604, '2011-11-09', '11:00:00', '12:00:00', 1, 15, 28),
(605, '2011-11-09', '17:45:00', '18:45:00', 1, 21, 11),
(606, '2011-11-09', '18:45:00', '19:45:00', 1, 21, 11),
(607, '2011-11-09', '19:45:00', '20:45:00', 1, 21, 4),
(608, '2011-11-09', '21:00:00', '22:30:00', 1, 19, 31),
(609, '2011-11-10', '08:00:00', '09:30:00', 1, 28, 29),
(610, '2011-11-10', '10:30:00', '12:00:00', 1, 20, 3),
(611, '2011-11-10', '12:00:00', '13:00:00', 1, 1, 8),
(612, '2011-11-10', '13:00:00', '14:30:00', 1, 4, 9),
(613, '2011-11-10', '15:40:00', '16:40:00', 1, 6, 10),
(614, '2011-11-10', '16:45:00', '18:00:00', 1, 1, 3),
(615, '2011-11-10', '18:15:00', '19:00:00', 1, 1, 26),
(616, '2011-11-10', '19:00:00', '20:15:00', 1, 1, 12),
(617, '2011-11-10', '20:15:00', '21:45:00', 1, 1, 13),
(618, '2011-11-11', '08:00:00', '09:30:00', 1, 5, 13),
(619, '2011-11-11', '09:30:00', '11:00:00', 1, 28, 12),
(620, '2011-11-11', '11:00:00', '12:00:00', 1, 15, 28),
(621, '2011-11-11', '16:45:00', '17:45:00', 1, 21, 4),
(622, '2011-11-11', '17:45:00', '18:45:00', 1, 21, 11),
(623, '2011-11-11', '18:45:00', '19:45:00', 1, 21, 11),
(624, '2011-11-08', '19:45:00', '20:45:00', 1, 21, 4),
(625, '2011-11-11', '19:45:00', '20:45:00', 1, 21, 4),
(626, '2011-11-11', '21:00:00', '22:00:00', 1, 19, 30),
(627, '2011-11-12', '10:00:00', '11:30:00', 1, 7, 14),
(628, '2011-11-12', '11:30:00', '13:00:00', 1, 4, 17),
(629, '2011-11-12', '13:00:00', '14:30:00', 1, 19, 31),
(630, '2011-11-07', '08:30:00', '09:30:00', 2, 20, 4),
(631, '2011-11-09', '08:30:00', '09:30:00', 2, 20, 4),
(632, '2011-11-11', '08:30:00', '09:30:00', 2, 20, 4),
(633, '2011-11-08', '16:15:00', '17:15:00', 2, 12, 21),
(634, '2011-11-11', '16:15:00', '17:15:00', 2, 12, 21),
(635, '2011-11-07', '17:30:00', '18:30:00', 2, 15, 20),
(636, '2011-11-11', '17:30:00', '18:30:00', 2, 15, 20),
(650, '2011-11-14', '16:45:00', '17:45:00', 1, 21, 4),
(638, '2011-11-07', '20:00:00', '21:30:00', 2, 10, 12),
(639, '2011-11-08', '18:15:00', '19:15:00', 2, 12, 21),
(649, '2011-11-14', '11:00:00', '12:00:00', 1, 15, 28),
(641, '2011-11-09', '17:30:00', '19:00:00', 2, 7, 14),
(642, '2011-11-10', '18:15:00', '19:15:00', 2, 12, 21),
(648, '2011-11-14', '09:30:00', '11:00:00', 1, 28, 12),
(647, '2011-11-14', '08:00:00', '09:30:00', 1, 5, 13),
(645, '2011-11-11', '20:00:00', '21:15:00', 2, 10, 12),
(651, '2011-11-14', '17:45:00', '18:45:00', 1, 21, 11),
(652, '2011-11-14', '18:45:00', '19:45:00', 1, 21, 11),
(653, '2011-11-14', '19:45:00', '20:45:00', 1, 21, 4),
(654, '2011-11-14', '21:00:00', '22:00:00', 1, 19, 30),
(655, '2011-11-15', '08:00:00', '09:30:00', 1, 29, 3),
(656, '2011-11-15', '12:00:00', '13:00:00', 1, 1, 8),
(657, '2011-11-15', '13:00:00', '14:30:00', 1, 4, 9),
(658, '2011-11-15', '15:30:00', '16:30:00', 1, 6, 10),
(659, '2011-11-15', '16:45:00', '18:00:00', 1, 1, 3),
(660, '2011-11-15', '18:15:00', '19:00:00', 1, 1, 26),
(661, '2011-11-15', '19:00:00', '20:15:00', 1, 1, 3),
(662, '2011-11-15', '20:15:00', '21:45:00', 1, 1, 13),
(705, '2011-11-15', '10:30:00', '12:00:00', 1, 20, 3),
(664, '2011-11-16', '08:00:00', '09:30:00', 1, 5, 13),
(665, '2011-11-16', '09:30:00', '11:00:00', 1, 28, 12),
(666, '2011-11-16', '16:45:00', '17:45:00', 1, 21, 4),
(667, '2011-11-16', '11:00:00', '12:00:00', 1, 15, 28),
(668, '2011-11-16', '17:45:00', '18:45:00', 1, 21, 11),
(669, '2011-11-16', '18:45:00', '19:45:00', 1, 21, 11),
(670, '2011-11-16', '19:45:00', '20:45:00', 1, 21, 4),
(671, '2011-11-16', '21:00:00', '22:30:00', 1, 19, 31),
(672, '2011-11-17', '08:00:00', '09:30:00', 1, 29, 3),
(673, '2011-11-17', '10:30:00', '12:00:00', 1, 20, 3),
(674, '2011-11-17', '12:00:00', '13:00:00', 1, 1, 8),
(675, '2011-11-17', '13:00:00', '14:30:00', 1, 4, 9),
(676, '2011-11-17', '15:40:00', '16:40:00', 1, 6, 10),
(677, '2011-11-17', '16:45:00', '18:00:00', 1, 1, 3),
(678, '2011-11-17', '18:15:00', '19:00:00', 1, 1, 26),
(679, '2011-11-17', '19:00:00', '20:15:00', 1, 1, 3),
(680, '2011-11-17', '20:15:00', '21:45:00', 1, 1, 13),
(681, '2011-11-18', '08:00:00', '09:30:00', 1, 5, 13),
(682, '2011-11-18', '09:30:00', '11:00:00', 1, 28, 12),
(683, '2011-11-18', '11:00:00', '12:00:00', 1, 15, 28),
(684, '2011-11-18', '16:45:00', '17:45:00', 1, 21, 4),
(685, '2011-11-18', '17:45:00', '18:45:00', 1, 21, 11),
(686, '2011-11-18', '18:45:00', '19:45:00', 1, 21, 11),
(687, '2011-11-15', '19:45:00', '20:45:00', 1, 21, 4),
(688, '2011-11-18', '19:45:00', '20:45:00', 1, 21, 4),
(689, '2011-11-18', '21:00:00', '22:00:00', 1, 19, 30),
(690, '2011-11-19', '10:00:00', '11:30:00', 1, 7, 14),
(691, '2011-11-19', '11:30:00', '13:00:00', 1, 4, 17),
(692, '2011-11-19', '13:00:00', '14:30:00', 1, 19, 31),
(693, '2011-11-14', '08:30:00', '09:30:00', 2, 15, 4),
(694, '2011-11-16', '08:30:00', '09:30:00', 2, 15, 4),
(695, '2011-11-18', '08:30:00', '09:30:00', 2, 15, 4),
(696, '2011-11-15', '16:15:00', '17:15:00', 2, 12, 21),
(697, '2011-11-18', '16:15:00', '17:15:00', 2, 12, 21),
(698, '2011-11-14', '17:30:00', '18:30:00', 2, 15, 20),
(699, '2011-11-18', '17:30:00', '18:30:00', 2, 15, 20),
(700, '2011-11-14', '20:00:00', '21:30:00', 2, 10, 3),
(701, '2011-11-15', '18:15:00', '19:15:00', 2, 12, 21),
(702, '2011-11-16', '17:00:00', '18:30:00', 2, 7, 14),
(703, '2011-11-17', '18:15:00', '19:15:00', 2, 12, 21),
(704, '2011-11-18', '20:00:00', '21:30:00', 2, 10, 3),
(706, '2011-11-19', '15:30:00', '17:00:00', 1, 29, 35),
(707, '2011-11-14', '18:30:00', '19:45:00', 2, 29, 3),
(708, '2011-11-15', '19:15:00', '20:30:00', 2, 29, 3),
(709, '2011-11-15', '20:30:00', '21:45:00', 2, 29, 3),
(710, '2011-11-17', '19:15:00', '20:30:00', 2, 29, 3),
(711, '2011-11-17', '20:30:00', '21:45:00', 2, 29, 3),
(712, '2011-11-18', '18:30:00', '19:45:00', 2, 29, 3);
